contract_id,day_or_month_contract
7780,0
3996,0
7785,0
7794,0
7795,1
7798,0
7799,0
7801,0
7805,0
7807,0
3469,0
7816,0
7818,0
7819,0
3981,0
7821,0
7827,0
7828,1
7834,0
7837,1
7840,0
7843,0
7847,0
7851,0
3860,0
7854,0
7856,0
7865,0
7868,1
3824,1
7873,0
7875,0
3714,0
7885,1
7886,0
7887,0
7894,0
4013,0
7897,0
7898,0
7899,1
3585,0
7905,0
7914,0
7915,0
7916,0
7917,0
7918,0
7919,0
7920,0
3560,0
7930,0
4178,0
7937,0
7940,0
7942,1
7943,0
7953,0
7957,0
7962,0
7965,0
4194,0
7968,0
7970,0
7975,1
4156,1
7981,0
4109,0
7986,0
3985,0
7993,0
3762,1
8000,0
8003,0
4190,0
8009,0
3789,0
8023,0
4060,0
8032,0
8037,1
4176,1
8040,0
8043,0
8044,0
4251,0
8052,0
8054,1
8055,0
3974,0
8057,0
8058,1
3829,0
8073,1
8075,0
8077,0
8079,0
8080,0
3611,0
8082,0
8084,0
8090,1
8091,0
4087,0
8096,0
8102,0
4058,0
8105,0
8109,0
8112,0
8119,1
8120,1
8122,0
8123,0
8126,0
8127,0
8135,0
3708,0
8140,1
8141,0
8142,0
8146,0
4067,1
4113,0
8155,0
8157,0
3880,0
8170,0
8175,0
3828,0
8184,0
8185,0
8187,0
3914,0
3914,0
8189,1
8190,0
8191,0
8193,0
8203,0
8204,1
8211,0
8214,0
8216,0
8218,0
8219,0
8226,1
4216,0
8236,0
8237,0
8238,0
8242,0
8243,0
4244,1
8246,0
3705,0
8249,0
8250,0
8254,0
8255,0
8259,0
4241,0
8262,0
8263,0
8264,0
3793,1
8276,0
8277,0
8279,0
8283,1
8284,0
8286,0
8287,0
8291,0
8293,0
4136,0
8296,0
8299,0
8301,0
4021,0
8303,0
8310,0
8311,0
8313,0
4106,0
8321,0
3653,0
4104,0
8335,0
8339,0
8342,0
8343,0
8348,0
8353,0
8356,0
8360,0
8363,0
8365,0
8367,0
3649,0
8373,0
8375,0
8376,1
3910,0
3699,0
8381,0
8384,0
8385,1
8389,0
8392,0
3816,0
8396,0
8397,0
8399,0
8400,1
8403,0
8408,0
8411,0
8414,1
8421,0
3615,0
8428,1
8431,0
8434,0
8436,0
8438,0
8440,0
8445,0
8449,1
8458,1
4262,0
8468,1
8470,0
8475,0
8478,1
8479,0
8480,0
3716,0
8483,1
8491,0
8493,0
8495,0
8496,0
8503,0
3672,0
8509,0
8519,0
8523,0
8525,1
8526,0
8530,0
8544,0
8554,0
3764,0
8560,0
8562,0
8565,0
8567,0
8569,0
8570,0
8572,0
8577,0
8579,1
8585,0
8586,0
8595,0
8597,0
8599,1
8601,0
8603,0
8604,0
8605,0
8616,0
8621,0
8627,0
8629,0
8631,0
8634,1
8635,0
8637,0
8639,0
8640,1
4204,0
8644,0
8651,0
8652,0
8656,0
8657,0
8662,0
8667,0
4105,0
8678,0
4159,0
8680,0
4047,0
8689,0
8690,0
8691,0
8694,0
8696,0
8699,0
8700,0
8707,0
8711,0
8721,1
8726,0
8728,0
8748,0
8750,0
8754,0
3758,0
8762,0
8764,0
8768,0
8769,0
8771,1
8779,0
8780,0
8782,0
8789,0
8795,0
8796,0
8797,0
3588,0
8819,0
8838,0
8841,0
8843,1
8850,0
4124,0
8861,0
8865,0
3833,0
8879,1
8890,0
8892,1
8895,1
8897,0
8898,1
8899,0
8901,1
8902,0
8904,0
8905,0
8907,0
8910,0
8914,0
8917,0
8919,1
8921,0
8924,0
8927,0
8929,0
8935,1
8937,0
8939,0
8940,0
8945,0
8948,1
8950,0
8951,0
8955,0
8958,1
8959,0
8964,0
3834,0
4195,1
3730,0
8974,0
8975,0
8980,1
8982,1
8984,0
8986,1
8987,0
8988,0
8989,0
8990,0
8991,0
8994,1
8995,0
3681,0
9000,0
9003,0
9005,0
9007,0
9008,0
9014,0
9015,0
9018,0
9025,0
9028,0
4011,0
9044,0
9046,0
9047,1
9051,0
9052,1
9057,0
9061,0
3804,0
9063,0
3963,0
3971,0
9082,0
9084,0
9097,0
9100,0
9112,0
9116,0
9120,0
3532,0
3631,0
9135,0
9138,1
3871,0
9145,0
9150,0
9158,0
4131,0
9173,0
9178,1
9179,0
9182,0
9183,0
9185,0
4121,0
9190,1
9191,0
3492,1
9195,0
3837,0
9198,0
9199,1
3617,0
9208,1
9209,0
3602,0
4168,0
3462,1
9226,1
9230,0
9233,0
9235,0
9253,0
9254,0
9257,1
9260,0
3680,0
9278,0
9279,1
9280,0
9282,0
9285,0
9286,0
9290,0
9293,0
9294,0
9298,0
3845,0
9303,0
4015,0
9308,0
9310,0
9315,0
9316,0
9320,1
3537,0
9328,0
9329,0
9335,0
9337,0
9338,0
9339,0
9343,0
9346,0
9347,0
3735,0
9349,1
9350,0
9351,0
9354,1
9359,0
3482,0
9363,0
4198,0
9367,0
9376,0
9380,1
9384,1
3870,0
9388,0
9393,1
9395,0
3527,0
3830,0
3796,1
9406,1
9407,1
3572,0
9412,0
9413,0
3752,0
9418,0
9420,0
3862,0
9424,0
9431,0
9433,0
9434,0
9435,0
9439,0
9446,0
3893,0
9458,0
9459,1
9460,0
9465,0
9471,1
9474,0
9476,0
9478,0
9481,0
9482,1
9486,0
3666,0
9491,0
9494,0
9495,0
9498,0
9512,0
9513,0
9514,0
9519,0
3956,0
9531,0
3782,1
9534,0
9538,0
3590,0
9541,0
9543,0
4233,0
9548,0
9552,0
9557,0
9559,0
9563,1
4074,0
9567,0
9570,0
9573,0
9579,0
9588,1
9589,1
9593,0
3526,1
9595,0
9600,0
9603,0
9609,0
9621,0
9624,1
9631,0
9635,0
3775,0
4101,0
9647,0
9652,0
9663,0
3522,0
9667,0
9668,0
9669,0
9670,0
9672,1
9673,0
3857,1
4053,0
9692,0
9695,0
3711,0
9712,1
9713,0
9715,0
9725,0
3546,0
9735,0
9736,0
9754,0
9757,0
9759,0
9762,0
9763,0
9764,0
9767,1
9774,1
3859,0
3859,0
3859,0
3859,0
9779,0
9782,0
9783,1
9785,0
9793,1
9795,1
9798,0
9800,0
4143,1
9807,0
4094,0
9816,0
9821,0
9827,1
9831,1
9832,0
9833,0
4077,0
9837,1
3736,1
9839,0
9840,0
9853,1
9858,0
9860,0
9863,0
9865,0
3840,0
3995,0
3563,1
9875,0
9879,1
9880,1
9881,1
9882,0
9886,0
9889,0
9893,0
9905,0
4132,1
9908,0
3884,0
9917,0
9926,1
9928,0
9930,0
9933,0
9941,0
4180,0
4116,0
9947,1
9948,0
9949,0
9952,0
9953,0
9954,1
9964,0
9969,1
9972,1
3643,0
9975,1
9981,0
9982,0
4219,0
4081,0
9988,0
9989,0
9990,0
10000,0
10002,1
10004,0
3549,0
3581,0
10016,0
10018,0
10023,0
10027,0
10029,1
4129,0
10036,1
10037,0
10039,0
10051,0
10062,0
10063,1
10064,0
10065,1
10075,0
10082,1
10085,0
10091,0
10094,0
10096,1
10097,0
10105,1
10109,0
10115,0
10118,0
10119,0
10120,0
10121,0
10122,0
10123,0
10125,0
10130,0
3983,0
10146,1
10149,0
10151,0
10152,0
10153,0
10156,0
4031,0
3887,0
10166,0
3902,0
10177,0
10182,0
10187,0
10189,1
10196,0
10202,0
10207,0
10210,0
3858,0
10214,0
10217,0
10218,0
10219,0
10225,0
10233,1
10234,0
10238,0
10240,0
10242,0
10243,0
10252,0
10254,0
4027,0
3457,0
3806,0
10293,0
10294,0
10298,0
4164,0
10301,0
10308,0
10311,0
10312,1
10313,0
10315,1
10321,0
10322,1
10325,0
10326,1
10329,0
10332,0
10334,0
10335,0
10338,0
10340,0
10351,0
4016,0
3614,0
10363,0
10364,0
10365,0
10368,0
10370,0
10375,0
10380,0
10382,0
10384,0
10391,1
3579,1
10397,0
10400,0
10402,0
3668,0
10415,0
10417,0
10418,0
10422,1
10425,1
10426,0
3566,0
10432,0
10433,0
10445,0
10446,0
10447,0
10448,0
3904,0
10459,1
10464,0
10469,0
4039,0
4201,0
10476,0
10477,1
3831,0
10482,0
3930,0
10487,0
10489,0
10490,0
10493,1
10494,1
10498,0
10504,0
10506,1
4144,0
10509,0
4232,1
10521,0
10523,1
10533,0
10535,1
10537,1
10541,0
10544,0
10546,0
10555,0
10561,0
10563,1
10564,0
3912,0
10571,0
10573,0
10574,0
10578,0
4072,0
10582,0
10585,0
3488,1
4236,0
3982,0
10596,0
10597,0
10599,1
10605,0
10609,1
10615,0
10633,1
10638,1
10642,0
3514,0
10650,0
3934,0
10655,0
10658,0
10669,0
10670,0
10673,0
10675,0
10683,0
10684,0
10686,0
10689,0
10693,0
3618,0
10699,0
4085,1
10704,0
10705,0
4063,0
3802,0
4142,1
10721,1
3720,0
10723,0
3856,0
10726,0
10731,0
10736,0
10740,0
10742,0
10743,1
10744,0
10745,0
3561,0
10748,0
10749,0
3925,0
10754,0
10762,1
10766,0
10772,1
10774,0
10775,0
10780,0
10781,1
10784,0
10786,0
10792,0
10796,0
10798,0
10799,1
10802,0
10807,0
10808,0
10812,1
10819,0
3807,0
10828,0
10832,0
3513,0
10834,0
10844,1
10855,0
10857,0
10859,0
10860,1
10862,0
10865,0
10869,0
10885,0
10886,1
10887,1
10899,0
10903,0
10907,0
10908,0
10914,0
3947,0
10918,0
10922,0
3674,0
10928,0
3888,0
10936,0
10937,0
10940,0
10942,0
10949,1
10951,0
10952,0
10956,0
4250,0
4243,0
10964,0
10967,1
10977,0
10979,0
10982,1
10984,0
10988,0
10989,0
10992,0
4110,0
10996,1
11015,1
11017,0
4051,0
3656,0
11022,0
11023,0
11027,0
11028,0
11032,0
11034,0
11035,0
11040,0
3988,0
11046,0
11047,1
11051,1
11061,0
11064,0
11071,1
11074,0
11075,0
11077,0
11083,0
3863,0
11088,0
11090,0
11093,0
11095,0
11099,0
11100,0
11101,0
11107,1
4010,0
11113,0
11121,0
11126,0
11130,0
11134,0
11135,0
3641,0
11142,0
11143,0
4210,0
3920,0
11152,0
11154,0
3838,0
11158,0
11159,0
11160,0
11170,0
11174,1
11175,0
3472,0
11179,0
11182,0
4255,1
3844,0
11200,0
11206,0
11207,0
11208,0
11210,0
11216,0
3877,0
4114,0
11227,0
11228,1
11236,0
11246,0
11250,0
11251,0
11255,1
11260,1
11266,0
11271,0
4155,0
11285,1
11287,1
4119,0
11292,0
11293,1
11297,0
11299,0
11301,0
11314,1
11317,1
11326,0
11327,0
11328,0
11331,1
11333,0
11334,0
11338,0
11341,0
11343,0
11344,0
3938,0
11348,0
11353,1
11356,0
11359,0
11360,1
3894,0
11365,0
11375,0
11380,0
11386,0
11388,0
11389,0
11392,0
11395,0
3825,0
11406,1
11410,0
11411,0
11414,0
11416,0
11418,0
11420,0
4238,0
11425,0
3917,0
11430,0
11432,0
11434,0
11440,0
3967,0
11452,0
11466,0
4038,1
11474,0
11475,0
11480,0
11482,0
11483,0
11484,1
11485,0
11486,0
11490,0
11491,0
11495,0
3484,0
11498,0
11500,0
11502,0
11503,0
11506,0
11507,1
4014,0
11510,0
11511,0
11524,0
11526,0
11529,0
3937,0
11540,0
11542,0
11543,0
11548,0
11550,0
11552,0
11556,1
11565,0
11573,0
11579,1
11580,0
11581,0
11584,0
11588,0
11589,0
11590,0
3923,0
11592,0
11594,1
11597,0
11603,0
3601,0
11610,1
11611,0
11617,1
11622,0
11625,0
11626,0
11630,0
11637,0
11639,0
11643,0
11645,0
11646,0
11647,0
11651,0
11652,0
11654,0
3490,0
11667,0
11668,0
11674,0
11676,0
11677,0
4048,0
11688,0
4133,0
11699,0
11708,0
11720,0
11724,0
11735,0
11741,0
11746,0
11748,1
11755,1
3839,0
11759,0
11766,0
11769,0
11772,1
11773,1
11779,0
11783,0
11784,0
11785,0
11791,0
11792,0
11794,0
11795,0
11801,0
3644,0
11810,0
11811,0
4172,0
11816,0
11831,1
11836,1
11837,0
3629,0
3749,0
11860,0
11865,0
11866,1
3913,0
11876,0
3500,0
3954,0
4247,0
11882,0
11884,0
11885,0
11887,1
11888,1
11890,1
11891,0
11892,0
11893,0
11895,0
11896,0
3600,0
11903,0
11907,0
11910,0
11919,0
11920,1
3753,0
3968,1
11923,0
3557,0
4167,0
3808,0
11936,0
11947,0
11948,0
11950,0
11951,0
11964,0
4211,0
11969,0
3684,0
11981,0
11984,0
11985,0
11998,0
4169,0
12005,0
12011,0
12015,0
12023,0
3555,1
12032,0
12034,0
12037,0
12038,0
12040,0
12041,0
12043,0
12045,1
12048,0
12050,0
3737,0
3761,0
12059,0
12060,0
12062,0
12066,0
3958,0
12074,0
4095,0
12081,0
4008,0
3944,0
12096,0
12098,0
12115,0
12121,0
12123,0
12124,0
12126,0
3962,0
3905,0
4078,0
3632,1
12140,0
3652,0
12145,0
12152,0
12155,0
12156,0
12158,0
12160,0
12163,0
12168,0
12172,0
12173,0
12176,0
12178,0
12179,0
12182,0
12187,0
12189,0
12190,0
12192,1
12193,0
12194,0
12197,0
3916,0
12206,0
3635,1
12216,0
12224,0
12230,1
12233,0
12236,0
12241,0
12242,1
3519,1
12249,0
12255,0
3531,0
12264,0
12266,0
12267,0
12273,0
3512,0
12281,0
12286,0
3754,0
12290,0
12297,0
12308,0
12309,1
12311,0
12312,0
12317,0
12320,0
12329,0
12338,0
4256,1
12348,0
12353,0
4062,0
12361,0
12365,0
12370,0
3702,0
12385,0
12386,0
12405,0
12406,0
3675,0
12419,0
12420,0
12421,1
12425,0
4140,1
3992,0
12438,1
12441,0
12443,0
12450,0
12452,0
12467,0
3864,0
3690,0
4186,1
3592,0
3667,0
12484,1
12487,0
3688,0
12489,0
12494,0
12496,0
12503,1
12508,0
12519,1
12522,1
12523,0
3591,1
12534,1
12535,1
12540,1
12544,0
12545,0
12548,0
12554,1
12560,0
12577,0
3728,1
12588,1
3698,0
12615,0
12617,0
12628,0
12640,0
12641,0
12644,0
12645,1
12654,1
12661,0
4145,1
12664,1
12667,1
12669,0
12674,0
12681,1
12683,0
12686,0
3936,0
12688,1
12699,0
12709,0
12710,0
12727,0
12730,1
4223,0
12750,0
12753,0
4127,0
12762,0
12765,0
3943,0
12769,0
12773,0
12777,1
12778,0
12780,0
12787,0
12795,0
12796,0
3660,0
12812,1
12817,0
12828,0
12833,1
12840,1
12841,0
12852,0
12853,0
12854,0
12868,0
12869,0
12873,0
12877,1
12878,0
12893,0
12894,0
12904,0
12910,0
12913,0
12914,0
12916,1
12921,1
12925,1
4091,0
12935,0
12937,0
12939,0
3769,1
12942,1
12946,0
12949,1
12952,0
3541,0
12961,0
12962,1
3797,0
3464,0
12977,1
12978,0
12980,0
3801,0
12983,0
12985,0
12998,0
13000,0
13005,1
13013,1
13014,1
13020,1
13024,0
13029,1
13031,1
13037,0
13046,0
4181,0
3545,1
13053,1
13062,0
13063,0
3548,0
13082,1
13086,1
13087,0
13088,0
13093,0
13094,0
13095,0
13096,1
13097,0
13104,0
3697,0
3593,0
13119,0
13123,0
13126,0
13135,1
3846,0
13137,0
13138,0
13142,0
13148,0
13153,0
13154,0
13161,0
13162,0
13163,1
13166,0
13173,0
3461,0
4050,0
13201,1
3732,0
13204,1
13207,0
3928,0
13212,0
13213,0
13219,0
4146,0
4103,0
13224,1
4086,0
13237,0
13246,0
13248,0
13254,0
13275,1
13280,0
13282,0
13283,0
13298,1
13307,0
13309,1
13323,0
3495,0
13334,0
4137,0
13342,0
13348,1
13355,1
13362,0
13363,0
13368,0
13375,0
13380,1
13390,1
13392,0
4097,1
13402,0
13410,0
13413,0
13420,0
13430,1
13433,0
13435,1
13439,0
13441,0
13445,0
13447,0
3951,0
13471,0
13479,0
13482,0
13488,0
13490,1
13507,0
13509,0
13512,0
13514,0
13518,1
13524,0
13525,0
13529,0
13532,0
3780,0
13541,0
13544,1
13545,0
13548,1
13554,0
13567,0
13577,0
13588,0
13591,1
13593,0
13596,0
4044,0
13604,1
13610,0
4102,0
3508,0
3805,0
13627,0
13628,1
13641,0
13643,0
13653,1
3630,0
13661,1
13680,0
3726,0
13707,0
13714,0
13718,0
4182,0
13725,0
4139,0
13737,0
13743,0
13751,0
13753,0
13760,0
13775,1
13776,1
13777,0
4073,0
13789,0
13791,0
4227,0
3583,0
13798,0
3763,0
13812,0
3506,0
13821,0
13832,1
13839,0
4191,1
13848,0
13854,0
13856,0
13857,0
13869,0
4141,1
3587,0
3826,0
13896,0
13903,0
13910,0
13912,1
13913,0
13914,0
13922,1
13925,0
13927,0
13930,0
13934,0
13945,0
13949,0
13953,0
3774,0
13973,0
4115,0
14000,0
14021,1
4017,0
3626,0
3978,0
14040,0
14041,0
3854,1
14048,1
14053,0
14060,0
4055,0
3811,0
14066,0
14068,0
14070,0
14072,0
14074,1
14079,1
14085,1
14088,0
14095,0
14097,1
14122,1
14131,0
4208,1
14146,0
14147,1
14150,1
14156,0
14164,0
3565,0
14174,0
14179,0
14180,0
14182,1
14193,0
14195,0
14213,0
4022,0
14221,0
14233,0
14236,0
14250,0
14255,0
14256,0
14260,0
14273,0
14280,1
14282,0
14283,0
14306,0
3570,1
14314,0
14319,1
14321,0
3819,0
3460,0
14329,0
14334,0
14337,0
14338,0
14351,0
4196,0
14355,0
14357,0
14365,1
14370,0
14378,0
14379,0
14381,0
14383,0
14388,0
14389,0
14401,1
14415,0
14421,0
3700,0
14430,0
14443,0
14456,0
14460,0
14477,0
14479,1
3577,0
14483,0
14491,0
14492,0
14493,1
3827,0
14512,0
14513,0
14521,0
14525,0
14531,1
14540,0
14541,0
14542,1
4249,0
14548,1
14555,1
14560,0
14562,0
14563,1
14564,0
4059,0
3953,1
14573,0
14575,0
14595,0
14596,0
14597,0
14609,0
14612,1
14623,0
14624,0
14626,0
14629,0
3712,0
14633,1
14639,0
4054,0
3501,0
14652,0
14653,1
14654,0
14655,0
14656,0
14673,0
14677,0
14682,0
4170,0
14691,1
3791,0
14715,0
14720,0
14731,1
14735,0
14748,1
14758,1
3948,0
14762,1
14781,0
14795,0
14797,1
4230,1
14800,0
14820,0
3725,1
4009,0
14835,1
4089,0
3564,1
14846,1
14850,0
3972,0
3965,0
3724,1
14862,1
14864,1
14867,1
3701,0
3718,0
14880,0
14883,0
3651,0
14886,0
14887,1
3669,1
3750,0
14920,1
14924,0
14928,0
14939,0
14940,1
14941,0
14943,0
14950,1
14968,0
14970,0
14981,0
14983,0
14986,0
14987,1
14989,0
3896,1
14998,1
15003,0
15004,1
15005,0
15011,0
15012,0
15016,0
15020,0
15023,1
15025,0
15029,0
15031,0
15033,0
15054,0
15058,1
15064,0
4111,0
15070,0
15087,0
15090,1
15094,0
15101,0
15107,1
15109,0
15110,0
3875,1
15127,0
15136,0
15150,0
4189,0
27777,0
27789,0
27793,0
27801,0
27804,0
27812,1
3922,0
3574,0
3683,0
27891,0
27892,1
3889,0
27901,0
27909,0
27911,0
27915,1
27919,0
27928,0
27935,0
27938,0
27940,0
27942,0
3610,0
3776,0
27965,0
27968,0
27973,0
27975,0
3723,0
27979,0
3989,0
27983,0
27990,1
27996,0
27997,0
28000,0
28003,0
28004,0
28011,1
28016,0
28019,1
28020,1
28023,0
28026,0
28029,1
28030,1
28033,0
28041,1
28044,0
28048,0
28051,1
28066,0
28070,1
28075,0
3881,0
28084,0
28086,1
28092,0
28093,1
28095,0
28101,0
28105,0
28131,1
28132,1
4007,0
28146,0
28150,0
28154,1
4066,0
28161,0
3671,1
28165,0
28170,1
28171,1
28188,0
28189,0
28191,0
28204,0
28209,0
28217,0
28231,0
28237,0
28238,0
28250,0
28252,0
28255,0
28261,0
28263,0
28265,0
28272,1
28277,0
28279,0
28280,0
28281,0
28282,0
28284,1
3558,0
28289,0
28299,0
28300,1
28304,0
28308,0
28310,1
28311,0
28313,0
28322,0
3970,0
3650,0
28331,0
28334,0
28354,0
28355,0
28356,0
28361,1
28363,0
28364,0
28381,0
28386,1
3620,0
28421,0
28422,1
28423,1
28429,0
28430,0
28433,0
28438,0
28440,0
28442,1
28445,1
28449,0
28450,0
28457,0
3745,0
4185,0
28473,0
28474,0
3547,1
28483,0
28490,1
28494,1
28497,1
28505,0
28507,0
28509,0
28511,0
3767,1
3687,0
28531,0
28532,0
28540,1
28542,0
3927,1
28548,1
28549,0
28552,1
28556,0
4033,0
28563,1
3497,0
28565,1
28567,0
28577,0
28585,1
28590,1
28596,1
28607,0
28610,0
28614,0
28615,0
28620,1
28623,0
28628,0
28643,0
28646,0
28651,0
28653,0
3476,1
28662,1
28670,0
3849,0
28680,0
28688,0
28691,0
28693,0
28704,0
28705,0
28711,0
28714,1
28715,0
28725,0
28726,0
4029,0
3980,0
28738,0
28743,0
28746,0
28754,0
28760,1
28762,0
3890,0
28774,0
3516,1
28782,0
28787,0
28793,0
28796,1
28801,0
4187,1
28805,0
28809,0
28814,0
4175,0
3676,0
28827,0
28828,0
28831,0
28834,0
3619,0
28839,0
28840,0
28842,1
28843,0
28851,0
28852,1
4260,0
28862,1
3468,0
28869,0
28870,0
28872,0
28873,0
28881,0
4154,1
28901,0
28904,1
28910,0
3709,0
28920,0
28924,0
28928,0
28930,0
28936,1
28950,0
4224,1
28952,0
28958,0
28960,0
28962,0
28967,0
28970,1
28973,0
28976,0
28991,0
28995,0
29000,0
29003,0
29005,0
29014,0
4242,0
29028,0
29030,0
29034,0
3499,0
29045,0
29046,0
29050,1
29060,0
29065,0
29078,0
29082,0
29084,0
29089,0
29102,0
3624,0
29104,1
4075,0
29122,1
4221,0
29139,0
29142,0
4152,0
29149,0
29177,0
29178,0
4068,1
29185,0
29186,0
29192,0
3655,0
29205,1
29219,0
29222,0
29232,1
4056,0
29240,0
29241,1
29242,0
29255,0
29256,0
4040,0
3748,0
29287,0
3960,0
29301,0
29304,0
29308,1
29309,0
29310,0
3821,1
29316,0
29318,0
3899,0
29347,1
29356,0
29359,0
29363,1
29365,1
29366,0
29373,1
29380,0
29381,0
3800,0
29390,0
29392,0
3994,0
29405,0
29416,0
29417,0
29422,0
29432,0
29443,0
29452,0
29455,0
29456,0
29466,1
29472,0
29473,1
29477,0
3747,0
29487,0
29500,0
29509,0
3487,0
29519,0
29532,0
29535,0
29537,0
29538,1
29542,0
29562,0
29564,1
29570,0
29574,0
29575,0
29578,1
29582,1
29583,1
29585,0
29586,0
29587,0
29594,0
29599,0
29600,0
29616,1
29653,0
29658,1
29671,1
29677,0
4122,0
3740,0
29684,0
29685,0
29698,0
29716,0
29721,0
29729,1
29731,0
29733,0
29752,1
29753,1
29757,0
29779,0
29780,0
29781,0
29789,0
3979,1
3543,0
29803,1
29818,0
29819,0
29822,0
29843,0
29848,0
29850,0
29878,0
29882,0
29886,1
29887,0
29892,0
29894,0
29903,0
29905,1
3604,0
29921,0
29923,0
3818,0
29972,0
29981,0
29982,1
29983,0
29991,0
29992,0
30015,1
3511,1
30029,1
30034,0
3559,0
30037,0
30045,1
30053,1
3932,0
30069,0
30070,0
30080,0
30082,1
30103,1
30127,1
30132,0
30133,0
30136,0
30139,0
30151,1
30152,0
4079,1
30160,1
30163,1
30167,1
30169,0
30183,0
30184,0
30189,1
30194,0
30196,0
30197,0
30199,0
30203,1
30216,0
30217,1
3868,0
30235,0
30236,0
30239,1
30249,0
30255,1
30267,1
30269,1
30274,1
30279,0
3544,0
3502,1
30289,0
30290,0
4093,0
3496,0
3573,0
30299,0
30301,0
30302,0
30303,0
30307,1
30308,0
30309,0
30310,0
30311,0
30312,0
30314,0
30321,1
30325,0
30328,0
30334,0
30342,0
30344,0
30355,0
30368,0
30370,0
30375,0
30381,1
30385,0
30394,0
3584,0
30397,0
3529,0
30409,0
3929,1
3798,1
30423,0
30425,0
30430,0
30434,1
30437,0
30443,1
3704,0
30460,0
3465,0
30468,1
4057,0
3878,0
30485,0
30493,0
30498,1
30500,0
30507,0
30531,1
30532,0
3879,1
30544,0
30545,1
30549,0
3991,0
30555,1
30557,0
30591,0
30594,0
30598,1
30609,0
30613,0
3645,1
30629,1
3900,0
30645,1
30657,1
30663,0
30666,0
30669,0
30672,0
30674,0
30694,0
30697,0
30699,0
30704,1
30705,0
30712,0
30714,0
30716,1
4220,0
30745,0
30753,1
30757,0
30769,0
4064,0
30773,0
30780,1
30783,0
30788,0
30790,0
30792,0
30797,0
3873,0
30803,0
30809,0
30811,0
30814,1
30816,1
30825,0
30841,0
30842,0
30845,0
30850,0
30852,0
30854,1
30858,0
30859,0
4003,1
4125,0
30872,0
3535,1
3491,0
4218,0
30902,0
30907,0
30909,1
30910,1
30921,0
30923,0
4005,0
3915,0
30937,1
30944,0
30954,0
30955,0
4177,0
30959,1
30960,0
30964,1
30968,0
30976,0
30977,0
30978,1
30983,0
30987,0
30993,0
3633,0
31007,1
31008,1
31013,0
31017,0
3640,0
3746,0
3790,0
31040,0
3638,0
31046,1
31049,1
31053,0
31055,1
31057,1
31059,0
31060,0
31061,0
31068,0
31069,0
31071,0
31072,1
3582,0
31085,1
31087,0
31088,1
31090,1
31096,0
31101,1
31104,0
31106,1
31108,0
31125,0
4019,0
31144,0
31145,1
4000,1
31147,0
31149,1
31152,1
31160,0
31161,0
31165,1
31167,0
31169,0
31171,1
31176,0
31184,0
3520,0
31199,0
31203,1
31206,0
31211,0
31212,0
31215,0
31222,0
31224,1
4192,1
31233,1
3534,0
31238,1
4088,0
31244,1
31249,0
31254,0
31257,1
31258,0
31267,1
3759,0
31273,0
31274,0
3623,1
31280,1
31286,0
31288,0
31291,0
31292,0
31295,0
31299,0
31300,1
31303,0
31320,0
31321,0
31323,0
31333,0
31335,1
3813,1
4076,1
3459,0
4028,1
31384,1
31387,0
3778,0
31397,0
3814,0
31409,0
31414,0
31422,1
31426,0
31429,0
31435,0
31441,0
31442,0
31450,0
4248,1
31478,0
31481,0
4126,0
3959,0
31495,0
31497,0
31504,0
4098,0
31510,0
31538,0
31540,1
31544,0
3909,0
4083,1
31562,0
31564,1
31566,1
31575,0
31581,1
31582,0
31593,0
3657,0
31600,0
31601,0
31606,0
31611,1
31612,0
31627,1
3743,1
31640,0
31643,1
31648,0
31650,1
3832,0
3621,0
31661,1
31663,1
31665,0
3733,0
31685,1
31687,1
31697,0
31699,1
31703,0
31707,0
31710,0
31720,1
31721,0
31735,0
3924,1
31744,0
4025,0
31755,1
31757,0
31763,0
31775,0
31777,1
31800,0
31802,0
31804,0
3575,1
31809,0
3921,0
31827,0
3580,0
31844,0
4037,0
31855,1
31860,1
31874,0
31884,0
31912,1
31914,0
3538,1
31923,1
31928,0
31934,0
31938,1
3551,0
31941,0
31951,0
31952,1
31960,1
31968,0
3474,0
31975,0
32008,0
32009,0
32011,0
32015,0
32020,0
32023,0
32025,0
32028,0
3836,0
32043,0
32044,1
32048,1
32052,0
32073,0
32077,0
32078,0
32093,0
32096,0
32102,0
32107,1
32108,1
32119,0
3576,0
32125,0
4257,0
32132,1
3817,0
32149,0
32156,1
3578,1
3703,0
32188,0
32199,0
32224,0
32242,0
32254,1
32287,0
32294,0
3851,0
32313,0
3642,1
32321,0
3504,1
32339,0
32340,0
32361,1
32363,0
32368,1
4226,1
32393,0
32457,1
32468,0
32476,1
32495,1
32500,0
32520,1
32562,1
4199,0
32581,0
32605,0
32616,0
3787,0
32662,1
32686,0
32697,0
32706,0
32717,0
32720,1
32848,0
3931,1
32902,0
32932,0
32936,0
32949,1
32954,0
32977,0
32989,0
33009,0
33070,1
33118,0
33137,1
3679,1
33223,0
33272,0
33303,0
33308,0
33316,0
3717,1
33345,0
3483,0
33412,1
33456,0
33458,0
33499,1
33523,1
33524,0
33551,0
4018,0
3966,0
33576,1
33584,0
33625,0
33635,0
33637,1
33646,1
33649,0
33657,1
3556,0
33671,0
33673,0
33675,0
33684,0
4206,0
33692,0
3760,0
33698,0
33700,0
3815,0
4234,0
33719,0
33721,0
33738,0
33743,1
33745,0
33753,0
3940,0
33772,0
33777,0
33779,1
33788,0
33799,1
33802,0
33805,1
33837,0
4157,0
33844,0
33845,0
33847,0
33856,1
33860,0
33861,0
33864,0
33870,0
33879,0
33897,0
33925,1
3852,1
33928,1
33930,0
33938,0
33939,0
4090,0
3990,0
33968,0
33973,0
33977,0
3973,0
33987,0
33988,1
4138,0
34008,1
34015,0
34029,0
34034,0
34036,1
34051,1
3622,0
34059,0
34076,0
34078,0
34093,0
34104,1
34112,0
34126,0
34150,0
34151,0
4045,0
4030,0
34171,0
3809,0
34181,0
34182,0
4052,0
34192,0
34198,1
34202,0
34212,0
34213,0
34221,0
34229,1
34240,0
34247,0
34251,1
4179,1
34269,0
34275,1
34278,0
34281,1
34286,0
34289,0
34291,1
4149,0
34301,1
3865,0
34376,0
3861,1
34390,0
34404,0
34406,0
34407,1
34414,1
34430,0
34438,0
3554,0
34457,1
34468,0
34479,0
34496,0
4049,0
34532,0
3757,1
34548,1
3734,0
3673,0
4203,0
34569,0
34575,0
34581,0
34587,0
4026,0
34616,0
34626,0
3603,0
3533,1
34674,1
34685,0
34688,1
3781,0
34740,0
34759,0
34791,0
34793,0
34797,1
34838,0
34844,0
34850,0
34861,0
34880,0
34885,0
34888,0
34904,0
34924,0
34960,0
34968,0
34971,1
34973,0
4240,1
34998,0
4150,0
35009,0
4222,0
35035,0
35038,0
35062,0
3772,0
35067,0
35083,1
35111,0
3616,0
4197,0
3523,1
3855,1
35147,0
35160,0
4237,0
35173,0
35174,0
3792,0
35212,0
35218,0
35219,0
3867,0
3949,1
35258,0
3475,1
3897,1
35290,0
3993,0
35326,1
3853,0
3599,0
35376,0
35379,0
3521,1
35416,1
35425,0
35428,1
35446,1
35453,0
3850,0
35462,1
4004,1
35491,0
35495,0
3926,0
35505,0
3646,0
35539,0
35552,0
35564,1
35568,0
35572,0
35575,1
35594,0
35597,1
3822,1
35644,0
35647,0
35659,0
35666,0
35678,0
35682,1
35688,1
35711,1
35766,0
35770,0
35799,0
35813,0
35820,0
35823,1
35836,1
35842,1
35846,1
35848,0
35857,0
35859,0
35870,0
35876,1
35878,0
35900,0
35909,0
35913,0
35918,0
35919,0
3550,1
35991,0
4174,0
3810,1
36031,0
36052,0
36054,1
36072,1
36083,0
36092,0
4254,0
36101,0
4042,0
3906,1
3636,0
36160,1
36173,0
36179,0
36192,0
36205,1
36209,0
3835,0
36230,0
36237,1
36270,0
4070,1
36294,0
36297,1
36307,0
36314,0
36317,1
36359,0
36368,0
36375,0
36398,0
36403,0
36415,0
36422,0
36424,0
3568,0
3820,0
36470,0
36473,1
36478,1
36504,1
36524,1
3477,0
36541,0
36563,1
3562,0
36577,1
36586,0
4092,0
4188,0
36626,0
36629,1
36632,1
3536,0
36640,0
4253,1
3998,0
36649,0
36652,1
36653,0
36656,0
36662,0
36669,0
3682,0
36694,0
3739,1
36719,1
36722,0
36726,1
4184,0
36746,1
36752,0
3969,0
36809,0
36812,0
36813,1
36845,1
36858,0
4162,0
36906,1
3898,0
36926,0
36928,0
36938,0
36954,0
36959,1
37018,0
37023,0
3594,1
37032,0
37039,0
4151,1
37071,0
37086,0
37097,0
37099,0
37115,0
37130,0
37138,0
4108,0
37172,1
37178,0
37191,1
3606,0
37200,0
37203,0
3693,0
37231,1
37256,0
37259,1
37287,1
3625,1
37304,1
4041,0
3569,1
3540,0
37351,0
3613,0
3691,1
37366,0
4130,1
37398,0
37403,0
4061,1
37434,0
37473,0
37476,0
37479,0
37509,0
3695,1
37587,0
3731,0
37629,0
37647,1
37661,0
3729,0
3517,0
37723,0
3903,0
37732,0
37737,1
37745,0
3773,1
37792,0
37823,0
37853,1
37863,0
37890,0
37896,0
37918,1
37932,0
37942,1
37944,0
37967,0
3788,0
37980,0
37988,0
37995,0
38001,1
38005,0
3727,1
38065,1
38089,0
4080,0
38167,0
38174,0
3662,0
38213,1
3515,1
38242,0
38243,0
38254,0
38265,0
4034,0
3458,0
38379,0
38387,0
38388,1
38402,0
3866,0
3706,0
38469,0
4117,1
38475,1
38476,1
3886,1
38499,1
3794,0
38522,0
38532,0
38532,0
38548,0
3713,1
38589,1
38610,0
38618,0
38622,1
38624,0
38652,1
38662,0
38730,0
38731,0
3976,1
3498,1
3659,1
38757,1
3485,1
38774,0
3715,1
3803,1
38800,0
4239,0
4214,1
38846,0
38872,0
3869,0
38899,0
38900,0
38905,0
4065,0
4245,1
3528,0
3608,1
39020,0
39023,0
39032,0
39091,0
39099,0
39102,0
39115,0
39116,1
3647,0
39136,0
39161,1
4024,0
39166,1
39170,1
3955,1
39227,0
39228,0
3678,1
39249,1
39252,1
39264,0
3997,1
39293,0
3919,0
39303,0
39306,1
3524,0
39349,0
39371,0
39373,1
39389,0
39392,1
39398,1
39405,1
39436,1
39443,1
3586,1
39446,0
3901,1
3542,0
4035,1
39515,0
4259,1
3489,1
3987,1
39547,0
39563,0
39579,1
39600,1
39601,1
3964,1
39623,0
39625,1
3882,0
39659,1
39694,0
39715,1
39741,1
39773,1
39783,0
39785,0
3664,1
39805,1
39831,0
39834,1
39854,0
3984,1
39929,1
39933,0
39935,1
39936,1
4046,1
39968,1
3670,1
39995,1
3530,1
3722,1
3661,1
40036,1
3663,1
4107,0
4173,1
40089,1
40093,0
40098,0
40114,1
4183,0
40130,0
40131,1
3696,0
3509,0
40191,1
40195,1
40198,1
3770,1
40221,1
40225,1
40228,1
40230,0
40252,1
4153,0
40261,0
40270,0
3454,1
40296,1
40299,0
40332,0
40338,0
40341,1
40358,0
4043,0
3539,1
40432,1
4134,0
40480,1
40492,1
4258,1
4123,1
40541,0
40567,1
3692,1
40571,1
40573,0
3742,0
40599,1
40624,0
40634,1
3605,1
40649,1
40652,1
3842,0
3455,1
3785,1
40704,0
40710,1
40731,0
4160,1
3961,1
40791,1
40805,1
40807,0
40836,0
40838,1
40839,0
3891,0
40858,1
40863,1
4023,0
40895,1
40913,0
3634,0
3518,1
3895,0
40963,0
40972,1
40979,0
3479,1
40995,0
41000,1
3597,0
41075,0
41078,1
41104,1
41110,1
41113,1
41125,1
41126,0
41150,1
41153,0
41185,0
41190,1
41213,1
41247,1
41263,0
41289,0
41307,0
41335,0
41359,0
41365,0
41368,1
41372,1
41373,1
41388,1
41389,1
41393,1
41445,0
41448,1
41449,0
41450,0
41476,0
41497,0
41525,0
41538,0
41544,0
41563,0
41572,0
41579,0
41584,0
41634,0
3609,0
41643,1
41661,0
41682,0
41691,1
41713,1
41762,0
41809,0
41816,1
41821,1
41836,1
41859,0
41869,0
41882,0
4147,0
41902,0
41905,0
41945,0
41977,1
41981,1
3950,0
42000,0
3945,1
42040,1
3467,0
42053,1
42054,0
42059,0
42077,1
42087,0
42102,0
42124,1
42131,1
42136,1
3721,0
42139,1
42144,1
42150,1
42179,0
42181,0
42196,1
42207,0
42216,1
42229,1
3689,0
42279,0
4128,1
42287,0
42360,0
42384,1
42387,1
42428,1
42438,0
3908,1
42451,0
42466,0
3637,0
42482,0
42490,0
42543,0
42547,0
42556,0
42569,0
42583,0
42601,1
4252,1
42629,1
42631,0
42636,0
42642,0
3935,0
4082,0
3493,0
3911,1
4193,1
4135,1
3755,1
3942,1
3478,0
4148,1
3607,0
3771,0
3876,0
42745,0
4161,1
4069,0
4213,1
3738,1
42787,1
3494,1
3847,0
3892,0
42862,0
42863,1
42879,1
42885,1
42890,1
42896,1
42911,0
42913,1
42915,0
42919,1
42920,1
42926,1
42927,1
42944,1
42952,0
42954,0
42957,1
42963,1
42967,0
42969,0
42976,0
42991,1
43000,1
43005,1
43011,1
43021,1
43029,1
43032,0
43033,1
43038,1
43061,0
43070,1
43083,0
43086,1
43088,0
43098,1
43101,0
43105,0
43117,1
43118,1
43119,1
43121,0
43122,1
43123,1
43126,0
43127,0
43129,0
43139,0
43144,1
43154,0
43156,0
43159,1
43165,0
43170,1
43171,0
43174,0
43176,1
43180,1
43182,0
43186,0
43193,0
43196,1
43211,0
43213,0
43215,1
43216,1
43218,0
43219,1
43221,1
43222,1
43228,0
43235,1
43245,0
43247,0
43259,1
43263,1
43264,0
43272,0
43281,1
43282,1
43290,1
43291,1
43293,0
43299,0
43304,1
43314,1
43316,1
43317,0
43318,1
43321,0
43329,1
43347,1
43358,1
43359,1
43360,1
43361,0
43364,1
43376,1
43389,0
43403,1
43404,1
43416,1
43418,1
43421,1
43424,1
43425,1
43433,1
43440,1
43443,0
43454,1
43468,0
43491,1
43492,1
43493,1
43499,0
43500,1
43502,1
43503,0
43511,0
43516,1
43520,1
43532,1
43535,1
43538,0
43547,1
43550,1
43552,0
43554,0
43561,1
43570,1
43581,1
43588,1
43592,1
43596,0
43602,1
43611,1
43619,1
43621,0
43624,0
43631,1
43638,1
43668,1
43670,0
43671,0
43675,0
43690,1
43698,1
43711,0
43713,0
43722,1
43728,0
43732,0
43749,1
43757,0
43764,1
43783,0
43794,0
43800,1
43802,1
43810,1
43824,1
43848,1
43849,0
43854,0
43857,0
43863,1
43868,1
43877,1
43878,1
43885,0
43897,0
43912,0
43916,0
43925,1
43928,1
43935,0
43938,1
43941,1
43942,1
43957,1
43958,1
43960,1
43961,1
43964,0
43969,1
43971,0
43973,1
43979,0
43988,0
43996,0
44007,1
44011,0
44030,1
44034,1
44037,1
44040,1
44047,1
44059,0
44068,0
44078,0
44081,0
44083,1
44085,1
44097,1
44107,0
44122,1
44123,1
44124,1
44126,1
44130,0
44133,0
44136,1
44142,1
44145,1
44147,1
44149,1
44153,1
44166,1
44170,1
44174,0
44176,0
44180,0
44193,1
44199,1
44213,0
44218,0
44219,1
44238,1
44241,0
44246,1
44254,0
44271,0
44272,1
44276,0
44277,0
44278,1
44283,1
44294,0
44296,1
44303,0
44308,0
44321,0
44325,1
44333,0
44344,1
44350,0
44351,0
44357,1
44358,1
44365,1
44375,1
44377,1
44379,0
44380,1
44384,0
44390,0
44392,1
44394,1
44397,0
44398,0
44403,1
44410,1
44418,0
44423,1
44427,1
44429,0
44437,0
44457,0
44461,0
44467,0
44468,0
44471,0
44476,0
44486,0
44487,1
44488,1
44492,0
44494,0
44498,0
44504,1
44506,0
44510,1
44511,1
44513,1
44516,0
44518,1
44528,1
44533,1
44538,0
44552,1
44554,0
44559,1
44569,0
44579,1
44586,0
44587,1
44597,1
44604,1
44608,0
44613,0
44623,0
44625,1
44637,0
44638,0
44644,1
44647,0
44648,0
44650,1
44654,0
44656,1
44673,1
44688,1
44697,1
44699,1
44700,0
44706,1
44712,0
44718,1
44720,0
44731,1
44748,1
44753,1
44754,1
44762,1
44764,1
44765,0
44775,1
44776,1
44778,1
44781,1
44786,1
44795,0
44796,1
44798,1
44799,1
44802,1
44805,1
44808,1
44826,1
44843,1
44844,1
44849,0
44851,1
44854,0
44856,1
44862,0
44872,0
44874,1
44875,0
44884,1
44887,1
44889,0
44891,1
44903,1
44915,1
44920,1
44925,0
44935,0
44938,1
44944,1
44961,1
44966,1
44971,1
44973,0
44975,1
44976,0
44977,1
44979,1
44981,1
44983,0
44989,1
45005,1
45017,1
45023,1
45025,1
45029,1
45034,1
45037,1
45040,0
45048,0
45049,1
45050,1
45057,1
45058,1
45059,1
45077,1
45078,1
45082,1
45106,1
45108,0
45114,0
45118,1
45121,0
45129,1
45140,0
45141,1
45145,1
45150,1
45169,1
45170,0
45179,0
45184,1
45186,1
45188,1
45190,0
45192,1
45203,1
45211,1
45212,1
45213,1
45215,1
45218,0
45219,0
45222,1
45224,1
45235,1
45241,1
45248,1
45249,1
45261,1
45263,1
45265,1
45278,1
45281,1
45287,1
45288,1
45291,0
45295,1
45298,0
45302,1
45304,1
45317,0
45319,0
45325,0
45330,1
45337,1
45348,1
45349,1
45359,0
45371,1
45372,1
45382,1
45385,1
45392,0
45395,1
45403,1
45415,1
45416,1
45419,0
45421,1
45429,1
45446,1
45453,1
45454,0
45470,1
45471,0
45477,0
45484,0
45491,1
45495,1
45496,1
45498,1
45500,1
45504,0
45529,1
45535,0
45538,1
45540,0
45543,1
45546,0
45557,1
45569,1
45570,0
45571,0
45576,1
45577,1
45581,1
45595,1
45600,1
45614,0
45615,1
45627,0
45628,0
45630,1
45632,1
45636,1
45642,1
45646,1
45649,1
45656,1
45661,0
45663,1
45664,1
45665,1
45667,1
45677,1
45679,1
45691,0
45693,1
45700,1
45710,0
45715,1
45721,1
45722,1
45723,1
45728,0
45730,0
45734,1
45736,1
45742,1
45749,1
45751,1
45757,1
45760,1
45767,1
45784,1
45794,0
45805,1
45813,1
45854,1
45863,1
45867,0
45872,1
45877,0
45878,1
45885,1
45901,1
45902,1
45913,0
45914,1
45917,1
45921,0
45922,1
45930,0
45935,0
45942,1
45953,0
45955,1
45959,1
45968,0
45972,0
45977,0
45980,1
45982,1
45983,0
45987,0
45988,1
45992,1
45995,0
46002,0
46005,1
46029,0
46035,1
46036,0
46042,1
46059,1
46063,0
46089,1
46110,1
46113,1
46120,1
46131,1
46142,1
46151,1
46156,1
46166,1
46178,0
46186,1
46206,0
46208,1
46213,0
46223,1
46225,1
46226,1
46231,1
46240,1
46244,0
46247,1
46249,0
46259,0
46270,1
46274,1
46278,1
46309,0
46321,1
46322,1
46327,1
46328,1
46330,0
46333,0
46334,1
46337,0
46339,1
46353,0
46354,1
46356,1
46359,1
46360,1
46364,1
46365,1
46366,0
46380,1
46381,1
46382,0
46390,1
46394,1
46398,1
46409,1
46418,1
46419,1
46422,1
46428,0
46429,0
46436,1
46446,1
46447,1
46454,0
46459,0
46460,1
46462,0
46464,0
46465,1
46471,1
46479,1
46481,0
46482,1
46510,1
46511,1
46513,1
46515,0
46516,1
46530,1
46534,1
46541,1
46543,1
46545,1
46551,1
46553,0
46555,1
46560,1
46562,1
46580,0
46583,1
46588,1
46593,1
46604,1
46617,1
46621,1
46622,0
46626,1
46632,0
46633,0
46634,1
46651,1
46666,1
46667,1
46668,0
46669,1
46693,1
46698,0
46702,1
46707,1
46716,0
46724,1
46725,1
46731,1
46746,1
46752,1
46755,1
46767,0
46768,1
46775,0
46778,1
46780,0
46793,0
46802,1
46805,1
46837,1
46838,1
46857,1
46876,1
46879,1
46880,1
46882,1
46893,0
46906,1
46907,1
46914,1
46919,1
46943,1
46948,1
46964,0
46966,1
46967,1
46980,1
46985,0
47007,1
47016,1
47019,0
47021,1
47025,1
47028,0
47029,0
47030,1
47031,1
47032,1
47044,0
47058,0
47060,1
47065,0
47067,0
47071,1
47080,0
47081,0
47084,0
47093,1
47097,1
47102,1
47105,1
47110,0
47111,0
47112,0
47122,1
47123,1
47128,1
47131,0
47140,0
47144,0
47169,0
47177,1
47181,1
47187,1
47190,1
47194,1
47197,1
47211,1
47214,1
47220,1
47224,1
47226,1
47230,1
47233,1
47238,1
47240,1
47241,1
47251,1
47268,1
47273,1
47277,1
47285,0
47288,0
47289,1
47292,1
47294,1
47308,0
47320,1
47330,0
47335,0
47338,0
47341,1
47347,1
47348,1
47351,0
47354,1
47358,1
47360,1
47365,1
47371,0
47374,0
47375,1
47389,0
47397,1
47407,1
47414,1
47416,1
47417,1
47422,1
47427,1
47439,0
47462,0
47463,1
47482,1
47485,1
47490,0
47494,0
47495,1
47496,0
47498,0
47506,1
47508,1
47515,1
47519,1
47538,1
47546,1
47550,0
47551,1
47555,0
47563,0
47564,1
47574,1
47577,1
47579,1
47582,1
47592,1
47600,0
47601,0
47606,0
47609,1
47611,0
47613,1
47614,0
47618,1
47619,1
47622,0
47636,1
47637,0
47640,1
47641,0
47645,1
47649,1
47651,1
47653,0
47658,1
47660,0
47662,1
47663,0
47665,0
47671,0
47672,1
47673,1
47675,1
47678,0
47694,1
47696,1
47700,0
47703,1
47710,0
47711,0
47714,0
47723,1
47733,1
47754,1
47756,1
47759,1
47762,1
47764,1
47767,0
47772,0
47780,0
47782,0
47785,1
47791,0
47792,1
47794,0
47795,1
47824,1
47828,1
47837,1
47838,1
47842,0
47852,0
47853,0
47859,0
47866,1
47869,1
47892,0
47895,1
47905,1
47906,1
47907,1
47908,0
47909,1
47925,1
47949,1
47950,1
47953,0
47955,1
47979,0
47983,1
47985,0
47997,0
48001,1
48022,0
48026,0
48031,1
48040,1
48041,0
48045,0
48052,1
48053,1
48060,1
48061,1
48071,1
48083,1
48092,1
48096,1
48100,0
48108,0
48109,1
48110,1
48115,1
48117,0
48124,0
48134,1
48135,0
48139,1
48147,1
48156,1
48159,0
48170,0
48183,1
48186,1
48221,1
48222,0
48223,1
48225,1
48230,0
48252,1
48265,1
48276,0
48289,1
48291,1
48292,1
48294,1
48301,1
48306,1
48310,0
48327,1
48350,0
48358,1
48360,1
48362,1
48363,1
48365,1
48367,1
48379,1
48383,1
48400,1
48409,0
48419,1
48446,1
48448,1
48450,1
48469,0
48482,1
48499,0
48503,1
48504,1
48506,1
48509,1
48513,1
48515,1
48522,1
48527,1
48530,0
48537,1
48542,0
48543,1
48546,1
48547,1
48563,1
48564,0
48591,1
48595,1
48601,0
48606,0
48609,1
48613,0
48618,1
48621,0
48628,1
48635,1
48636,0
48638,0
48650,0
48653,1
48667,0
48669,1
48672,1
48674,0
48679,1
48684,0
48689,1
48691,0
48693,0
48694,0
48696,0
48703,1
48714,1
48719,0
48720,0
48722,0
48724,1
48725,0
48727,0
48728,1
48732,1
48733,1
48735,0
48738,1
48740,0
48753,1
48754,1
48760,1
48761,0
48765,0
48766,0
48771,0
48777,0
48781,0
48788,1
48802,1
48805,0
48808,0
48815,0
48819,0
48820,1
48835,0
48842,0
48843,1
48847,0
48857,1
48865,1
48867,0
48870,1
48875,1
48883,1
48885,1
48887,0
48889,0
48896,1
48902,1
48905,0
48906,0
48908,1
48911,1
48913,1
48917,1
48918,0
48930,1
48932,1
48934,0
48935,1
48949,1
48954,0
48956,0
48958,0
48960,1
48963,1
48964,0
48975,1
48982,1
48986,0
48991,1
48992,1
49004,0
49006,1
49007,1
49012,1
49016,0
49018,0
49020,1
49023,0
49025,1
49027,1
49029,1
49039,0
49043,0
49045,0
49047,0
49050,1
49054,1
49055,1
49058,1
49061,0
49066,1
49067,0
49071,0
49077,1
49086,1
49096,1
49098,1
49100,1
49102,0
49105,1
49107,1
49108,1
49111,1
49112,1
49113,1
49122,1
49129,1
49140,0
49148,1
49152,1
49153,0
49154,1
49156,0
49158,0
49159,1
49162,0
49179,1
49187,1
49190,0
49192,1
49196,1
49208,0
49210,1
49219,1
49222,0
49233,1
49240,0
49241,1
49248,0
49251,0
49253,0
49259,1
49262,0
49265,1
49269,0
49271,0
49272,0
49276,0
49279,0
49285,1
49292,0
49296,0
49300,1
49311,1
49313,0
49317,0
49320,0
49326,1
49339,0
49341,0
49344,1
49348,1
49366,1
49368,1
49372,0
49373,1
49377,0
49378,1
49381,1
49385,1
49386,0
49389,1
49401,1
49406,0
49407,0
49412,0
49418,1
49423,0
49432,0
49436,1
49438,1
49440,1
49441,1
49444,1
49446,0
49461,1
49462,1
49464,1
49469,1
49470,1
49471,1
49476,0
49479,0
49486,1
49495,1
49496,1
49498,1
49501,1
49504,1
49505,0
49509,1
49519,1
49523,1
49526,1
49529,1
49532,1
49534,1
49536,1
49540,1
49547,0
49548,1
49549,1
49550,1
49551,1
49556,0
49560,1
49564,1
49568,1
49572,0
49573,1
49576,1
49581,0
49583,0
49584,1
49587,1
49589,0
49592,0
49593,1
49596,1
49600,1
49601,1
49602,1
49603,0
49605,1
49606,1
49607,1
49608,1
49609,1
49610,1
49612,1
49614,1
49617,0
49618,1
49622,1
49624,1
49627,0
49628,1
49633,0
49634,0
49635,1
49652,1
49653,1
49655,1
49658,1
49666,1
49670,1
49671,0
49674,1
49680,0
49684,1
49686,1
49689,1
49692,1
49693,1
49696,1
49700,0
49702,1
49703,1
49704,0
49705,1
49710,1
49716,0
49721,1
49726,0
49727,1
49728,1
49729,1
49730,1
49734,1
49735,1
49736,1
49739,0
49740,0
49741,1
49743,1
49746,0
49747,1
49748,1
49754,0
49755,1
49763,1
49769,0
49770,1
49778,1
49781,1
49782,1
49784,1
49789,1
49793,1
49801,1
49802,1
49806,1
49808,1
49812,0
49814,0
49818,1
49819,1
49821,0
49823,1
49824,0
49828,0
49832,1
49835,0
49837,1
49838,1
49843,1
49845,1
49846,1
49850,1
49851,1
49854,0
49857,0
49859,1
49861,1
49864,0
49867,1
49874,1
49876,0
49879,1
49880,1
49881,0
49885,0
49890,1
49893,1
49894,1
49902,0
49904,1
49905,1
49908,0
49916,1
49919,1
49920,0
49923,1
49924,1
49925,1
49927,1
49928,1
49932,0
49942,0
49943,0
49948,0
49949,1
49953,1
49957,0
49962,0
49968,1
49970,0
49976,0
49977,1
49987,1
49992,0
49998,1
49999,0
50000,0
50003,1
50008,1
50009,1
50011,1
50014,0
50017,1
50018,1
50031,0
50032,0
50033,1
50036,1
50041,1
50042,1
50043,1
50050,0
50057,1
50058,0
50060,1
50063,1
50064,0
50068,1
50069,0
50071,1
50073,1
50075,0
50077,1
50080,1
50087,1
50094,1
50097,1
50099,1
50105,1
50109,1
50111,0
50114,0
50119,0
50120,1
50123,1
50126,1
50127,0
50129,1
50130,1
50133,0
50136,1
50141,1
50142,1
50153,1
50170,1
50172,0
50179,1
50180,1
50183,0
50184,0
50190,1
50193,0
50195,1
50203,1
50210,1
50215,1
50219,1
50223,1
50225,1
50227,0
50228,0
50230,1
50237,1
50238,1
50243,1
50247,1
50248,0
50249,0
50250,1
50252,0
50257,1
50264,0
50266,1
50270,1
50273,1
50278,0
50281,1
50285,1
50291,1
50292,0
50294,1
50296,0
50298,0
50299,0
50303,1
50306,0
50308,1
50311,0
50317,1
50320,0
50324,0
50333,1
50337,0
50342,0
50351,0
50358,1
50371,0
50375,1
50376,1
50379,1
50381,1
50382,1
50383,0
50386,1
50387,1
50403,1
50406,1
50408,0
50412,1
50415,0
50416,1
50423,0
50425,0
50427,1
50433,0
50442,1
50445,0
50454,0
50457,1
50458,1
50464,0
50465,0
50469,1
50470,1
50475,1
50476,1
50478,1
50481,1
50482,0
50495,1
50498,0
50500,1
50503,0
50504,1
50505,0
50507,1
50508,1
50509,1
50514,1
50522,0
50539,1
50541,1
50543,0
50546,1
50550,0
50555,1
50558,1
50563,1
50569,1
50572,1
50573,1
50577,1
50580,1
50582,0
50591,1
50602,1
50603,1
50605,0
50608,1
50611,1
50614,1
50615,1
50617,0
50618,1
50619,1
50623,1
50627,1
50628,1
50630,1
50631,1
50637,1
50638,0
50644,1
50651,1
50658,0
50662,1
50668,0
50670,0
50673,0
50679,1
50680,1
50681,1
50683,1
50686,0
50687,1
50688,1
50691,1
50697,1
50706,1
50708,1
50715,1
50716,0
50721,0
50727,0
50728,0
50742,0
50744,1
50745,0
50746,1
50749,1
50751,0
50754,1
50759,0
50760,1
50761,0
50762,1
50766,1
50773,0
50787,1
50788,0
50789,1
50790,0
50798,1
50800,1
50820,0
50823,1
50833,1
50840,1
50848,1
50850,0
50854,0
50857,1
50863,1
50864,1
50867,1
50869,1
50878,0
50880,0
50881,1
50882,0
50886,0
50888,0
50889,0
50902,1
50907,1
50908,1
50921,0
50925,1
50928,1
50933,0
50934,1
50935,1
50936,1
50939,1
50940,0
50944,0
50945,0
50949,1
50950,1
50951,0
50952,1
50953,1
50954,1
50957,0
50959,0
50960,0
50962,0
50963,1
50964,1
50971,1
50973,0
50974,1
50975,0
50989,0
50990,0
50992,0
50998,0
50999,0
51009,1
51011,1
51013,0
51017,1
51018,1
51021,1
51027,1
51028,0
51030,1
51031,1
51034,1
51035,1
51037,0
51038,1
51039,0
51044,0
51045,0
51050,1
51053,1
51074,1
51077,1
51081,1
51084,1
51085,0
51089,0
51090,0
51091,1
51094,0
51096,1
51098,1
51099,1
51101,1
51102,0
51104,0
51106,1
51108,1
51110,0
51111,1
51113,0
51114,0
51118,1
51119,1
51123,0
51128,0
51130,0
51134,1
51135,1
51137,0
51138,1
51141,1
51142,1
51148,1
51149,0
51151,1
51154,1
51160,0
51162,0
51165,1
51167,1
51171,1
51172,1
51174,1
51175,0
51178,1
51186,1
51189,1
51194,1
51198,1
51202,1
51205,1
51208,1
51216,1
51218,0
51221,1
51225,0
51231,0
51236,0
51237,0
51240,1
51245,1
51253,1
51256,0
51260,0
51264,1
51266,0
51267,1
51270,0
51272,1
51284,1
51285,1
51287,1
51288,0
51289,0
51318,1
51321,1
51322,1
51325,1
51327,0
51331,1
51336,1
51337,1
51339,1
51350,0
51355,1
51362,1
51364,1
51366,0
51368,1
51372,1
51374,1
51377,1
51378,1
51381,1
51384,0
51385,1
51392,0
51395,1
51396,1
51398,0
51400,1
51403,1
51405,1
51407,1
51408,0
51409,1
51415,0
51416,1
51417,0
51418,1
51421,0
51432,0
51433,0
51435,1
51438,0
51447,0
51448,0
51451,0
51460,0
51464,0
51465,1
51466,1
51467,0
51469,1
51473,0
51476,0
51481,0
51485,1
51486,1
51487,1
51488,1
51492,0
51493,1
51494,1
51495,1
51507,1
51508,0
51518,1
51527,1
51534,1
51535,0
51539,1
51540,1
51541,0
51543,0
51547,1
51549,0
51551,0
51552,0
51553,1
51559,0
51561,1
51577,0
51578,1
51582,0
51585,1
51587,1
51591,1
51600,1
51602,1
51608,1
51610,0
51612,1
51613,1
51614,1
51615,1
51616,0
51621,1
51636,0
51638,0
51642,0
51643,1
51645,0
51646,1
51647,0
51648,0
51650,1
51654,1
51655,0
51657,1
51669,0
51683,1
51687,1
51692,1
51713,1
51716,0
51723,0
51725,1
51727,1
51728,1
51734,1
51735,0
51742,1
51751,0
51753,1
51755,1
51758,1
51765,0
51771,1
51772,0
51775,1
51781,1
51784,1
51788,0
51792,0
51793,1
51794,1
51796,1
51797,1
51799,1
51801,0
51807,1
51808,1
51812,0
51814,1
51817,0
51819,1
51821,1
51824,0
51827,1
51829,1
51840,0
51844,0
51849,0
51852,0
51853,1
51856,1
51857,1
51860,0
51861,0
51862,1
51863,1
51866,0
51867,1
51869,1
51870,1
51876,1
51877,0
51882,0
51886,1
51891,0
51893,0
51899,1
51903,1
51906,1
51908,1
51911,0
51912,0
51918,0
51919,0
51921,1
51922,1
51924,0
51925,0
51928,1
51929,1
51931,1
51939,1
51944,1
51948,1
51963,1
51970,0
51971,1
51975,1
51980,1
51982,1
51989,1
51990,0
51995,1
51998,0
51999,0
52002,0
52004,0
52005,0
52013,1
52020,1
52025,1
52035,1
52039,1
52045,1
52048,1
52052,0
52057,1
52060,1
52062,1
52063,1
52065,1
52066,0
52070,1
52071,1
52073,0
52078,0
52084,0
52086,1
52088,0
52089,1
52092,0
52093,1
52096,0
52106,1
52108,0
52113,1
52118,1
52125,1
52127,0
52132,1
52133,0
52134,0
52141,1
52143,0
52163,1
52166,0
52167,0
52182,0
52184,1
52193,1
52196,1
52202,1
52204,1
52212,1
52213,0
52215,0
52222,0
52223,1
52224,1
52231,1
52238,1
52245,0
52246,0
52248,0
52251,1
52256,1
52260,1
52264,0
52283,0
52289,1
52293,0
52299,1
52307,0
52322,1
52328,1
52330,1
52335,0
52338,1
52346,0
52348,1
52350,1
52351,1
52352,1
52354,1
52357,1
52359,1
52361,0
52362,1
52368,1
52370,0
52373,1
52374,0
52376,0
52382,0
52383,1
52384,1
52388,0
52392,0
52399,1
52401,0
52408,1
52412,0
52417,0
52427,1
52433,0
52436,0
52437,0
52439,1
52443,1
52458,1
52460,1
52463,0
52464,0
52473,0
52476,1
52478,0
52479,0
52481,1
52486,0
52496,1
52501,1
52502,1
52503,1
52505,0
52510,1
52512,1
52513,1
52520,0
52528,1
52532,0
52534,0
52535,0
52537,0
52543,1
52544,1
52548,1
52550,0
52553,0
52554,1
52555,1
52558,0
52560,1
52562,0
52571,0
52573,0
52582,1
52586,1
52588,0
52596,1
52603,1
52605,0
52609,1
52613,1
52614,0
52615,0
52634,0
52635,0
52638,0
52648,0
52659,1
52660,0
52661,0
52663,0
52665,1
52672,1
52680,1
52682,1
52683,1
52684,0
52694,1
52695,1
52704,0
52709,1
52710,0
52714,0
52717,0
52721,0
52726,1
52727,1
52731,0
52732,0
52733,0
52738,1
52739,1
52740,1
52748,0
52751,1
52752,0
52758,1
52759,1
52762,1
52765,1
52771,1
52773,1
52776,1
52778,0
52781,1
52784,1
52788,1
52789,0
52795,1
52797,1
52799,1
52800,0
52802,1
52808,1
52811,1
52814,1
52817,1
52823,1
52832,1
52839,1
52840,1
52845,0
52847,0
52849,1
52853,0
52855,0
52861,0
52863,1
52864,1
52867,0
52873,0
52874,1
52876,0
52882,1
52883,1
52887,0
52889,1
52890,1
52897,1
52900,1
52903,1
52907,1
52911,1
52914,1
52927,0
52929,0
52936,0
52940,0
52941,0
52946,1
52948,1
52949,1
52952,0
52953,0
52955,1
52962,1
52964,1
52974,1
52978,1
52982,1
52984,1
52986,1
52987,1
52989,1
52991,0
52994,0
52997,1
53000,1
53005,0
53008,1
53009,1
53011,0
53012,1
53013,0
53016,1
53018,1
53020,1
53026,1
53029,1
53031,0
53033,0
53034,0
53037,0
53038,0
53044,1
53049,1
53053,1
53055,1
53068,0
53072,1
53077,0
53078,1
53079,0
53081,0
53084,0
53085,1
53086,1
53088,1
53094,1
53096,0
53099,0
53101,1
53102,1
53103,0
53106,1
53111,1
53114,0
53118,1
53123,0
53126,1
53129,0
53134,0
53145,0
53153,0
53155,1
53157,1
53159,0
53160,0
53167,0
53169,0
53178,1
53179,1
53183,1
53188,1
53197,0
53202,1
53207,0
53210,1
53217,0
53226,1
53234,1
53236,1
53238,1
53240,1
53243,1
53245,1
53248,1
53257,0
53258,1
53261,0
53264,1
53267,1
53269,1
53278,1
53283,1
53284,1
53286,1
53290,0
53295,1
53299,1
53309,1
53311,0
53312,1
53316,1
53318,0
53320,0
53321,1
53324,1
53326,1
53327,0
53331,1
53335,1
53337,1
53342,1
53343,1
53344,1
53345,1
53349,0
53351,1
53354,1
53356,1
53367,1
53369,1
53372,0
53377,1
53380,1
53381,0
53387,1
53392,1
53394,0
53397,1
53401,1
53404,1
53407,0
53409,1
53411,0
53416,1
53418,0
53419,1
53427,1
53430,0
53432,1
53433,0
53434,0
53437,0
53438,1
53444,0
53445,1
53446,1
53448,1
53452,0
53458,1
53459,0
53461,0
53466,1
53469,0
53476,0
53478,1
53479,1
53486,1
53488,1
53491,1
53497,1
53500,0
53505,0
53507,1
53511,0
53514,1
53517,1
53519,0
53520,1
53523,1
53527,1
53544,1
53546,0
53547,1
53551,0
53552,1
53556,0
53557,0
53560,1
53561,1
53568,0
53569,1
53571,1
53575,1
53578,0
53580,0
53583,1
53596,1
53599,0
53608,1
53614,0
53615,1
53620,1
53624,0
53628,1
53629,1
53634,1
53638,1
53641,0
53643,1
53645,1
53648,0
53657,1
53660,1
53673,1
53676,1
53684,0
53687,0
53688,1
53693,0
53696,0
53698,1
53699,0
53702,0
53704,0
53705,1
53706,1
53710,1
53718,1
53721,0
53726,0
53732,1
53733,0
53736,1
53738,0
53739,1
53741,1
53742,0
53746,1
53750,1
53751,0
53753,0
53756,1
53758,1
53759,0
53762,1
53765,0
53766,0
53767,1
53768,0
53770,1
53772,0
53775,1
53777,1
53780,1
53792,1
53794,1
53795,0
53803,1
53806,1
53808,0
53809,1
53810,1
53812,1
53814,1
53815,0
53835,1
53844,0
53845,1
53847,0
53852,1
53855,1
53856,1
53857,1
53861,1
53862,1
53866,1
53867,0
53868,1
53877,1
53886,0
53892,1
53897,1
53899,1
53904,1
53909,1
53913,1
53914,0
53918,0
53920,1
53928,1
53931,1
53942,1
53958,1
53960,1
53961,1
53964,0
53971,1
53972,1
53978,0
53982,1
53984,1
53985,1
53987,0
53992,1
53999,0
54000,0
54002,0
54004,1
54012,0
54014,1
54017,1
54029,0
54030,0
54036,0
54046,1
54052,0
54055,0
54058,1
54067,1
54070,1
54074,1
54077,1
54081,0
54083,0
54085,1
54088,1
54091,1
54096,1
54097,0
54101,0
54105,1
54107,1
54110,0
54116,1
54118,1
54119,0
54120,1
54123,0
54124,0
54125,1
54139,1
54140,0
54142,0
54151,1
54153,1
54160,0
54163,1
54164,1
54167,1
54169,1
54172,1
54174,0
54175,1
54176,1
54180,0
54183,1
54184,0
54186,1
54198,0
54199,0
54208,0
54211,1
54218,1
54222,1
54232,1
54233,0
54241,1
54245,1
54247,1
54248,1
54252,1
54253,1
54255,1
54258,0
54262,1
54267,1
54270,1
54278,1
54280,0
54282,1
54283,1
54296,1
54303,1
54304,1
54309,0
54314,1
54318,1
54321,1
54327,1
54332,0
54333,1
54335,1
54337,1
54338,1
54340,0
54341,1
54343,1
54349,0
54353,1
54355,1
54360,0
54362,1
54363,1
54367,1
54370,1
54376,0
54377,1
54386,0
54388,1
54390,1
54391,1
54405,1
54556,1
55105,1
55588,1
55867,1
56029,1
56400,0
56898,1
57828,0
58254,1
58777,1
59263,0
59944,0
61091,1
61832,0
61974,1
62346,1
62570,1
63034,0
63092,1
63963,1
64236,1
65455,1
66067,1
67067,0
3470,0
67436,0
67578,1
68232,0
68344,1
68775,1
68892,1
69681,0
70026,0
70056,1
70199,1
70790,1
71013,0
71152,1
72263,1
72396,1
73050,1
73242,1
73375,1
73485,1
74286,0
74684,1
74729,1
74771,1
74781,0
75326,1
76220,1
76230,0
76843,0
77239,0
77434,1
77811,1
78377,0
78702,1
78762,1
78828,1
78872,0
79236,1
79444,1
79467,1
80090,0
80811,0
80905,1
81834,1
82159,1
82276,1
82423,0
82680,1
83130,1
83403,1
83467,1
83505,1
83972,0
84312,1
84593,1
84950,1
84991,1
85204,1
85287,1
85325,1
86172,1
86204,1
86421,0
87083,0
87845,1
88171,1
88646,0
88740,1
89010,0
89026,1
90950,1
91795,0
92359,1
92483,1
93348,1
93518,1
93587,1
93789,0
93898,1
93936,1
94160,0
94447,1
94451,0
94567,1
94808,0
94936,0
94940,0
95030,1
95374,0
95420,1
95567,1
95575,1
96699,1
96775,1
96844,1
97352,0
97532,0
97770,1
97979,1
98091,1
98674,0
98860,1
98970,1
98991,0
99061,1
99459,0
99964,1
100209,0
100603,0
100624,0
100713,1
101429,0
101946,1
102753,0
103255,1
103400,1
103742,1
103767,0
104686,1
106467,1
107693,1
108419,0
108728,1
108820,0
108885,1
110162,1
110520,1
110578,1
110746,1
111149,0
111671,0
111704,1
111856,0
112087,1
112304,0
112946,0
113171,1
113301,1
113370,0
115019,1
115244,1
115888,1
115988,0
116076,1
116087,0
116573,1
116741,1
116802,1
117598,1
118109,0
118300,1
118930,1
119396,1
119460,1
119502,1
119539,1
119579,1
119611,0
120575,1
120988,1
121082,1
121423,0
121512,0
122024,1
122260,1
122376,1
122997,1
123037,1
123604,1
124914,0
125315,1
125733,1
125938,1
126073,1
126092,0
126334,1
126364,1
126413,0
126849,1
127116,1
127738,1
127897,0
128206,0
128466,1
128523,1
128535,1
128585,1
128694,0
131236,1
131598,1
132057,1
132291,1
132397,0
133028,1
133142,0
133428,0
133616,1
133751,0
134020,1
135192,0
135339,0
135427,1
135702,1
136162,1
136371,1
136595,0
136803,1
137075,0
137500,0
137631,0
137645,1
137673,1
137685,1
137793,0
137950,1
139196,1
140434,1
140593,1
140892,1
140903,0
141226,1
141612,1
142688,1
142761,0
143601,0
143750,0
144018,1
144375,1
144398,0
144840,0
146645,1
146990,1
147313,0
147486,1
147488,1
147720,1
149149,0
149764,1
150068,1
150501,1
150540,1
151022,0
151151,1
151218,1
151336,1
151565,1
151998,0
152098,0
152287,0
152339,0
152383,0
152638,1
152793,0
152877,0
153077,1
153350,1
154169,1
154942,0
155495,0
155633,0
156145,1
156363,0
156379,0
156473,0
156924,1
157015,0
157373,0
157426,1
157484,1
157493,0
157614,0
157778,0
158001,1
158268,1
158307,0
158521,0
158560,1
158599,0
158606,1
158984,0
159180,0
159296,0
159367,0
159378,1
159390,0
159465,1
159717,1
160127,1
160174,0
160583,0
160911,0
161029,1
161698,1
161784,0
161836,1
161837,0
161867,0
180980,1
182759,0
182998,0
183221,1
183236,1
183345,1
183737,0
183926,1
184024,0
184260,0
184397,0
185130,1
185175,1
185184,0
185328,0
185542,1
185617,1
185910,1
187825,0
188046,1
188261,0
188358,0
188773,1
189202,1
189564,1
189595,0
189685,1
189976,1
190090,0
190226,1
190678,1
190682,0
190906,0
190975,1
191307,1
191606,0
192273,0
192507,0
192722,1
192778,0
193408,0
194530,1
194831,0
195011,1
195073,1
195133,0
195416,0
195437,0
195557,0
195573,0
195575,0
195686,0
196084,0
196502,0
196619,1
196887,1
196901,1
197532,1
198896,0
199150,0
199258,0
199316,0
199318,1
199365,0
199544,0
199807,1
200010,1
200273,0
200274,0
200526,0
200530,0
200750,1
201226,1
201516,1
201522,0
201535,0
202034,0
202790,1
203407,1
203815,0
203956,0
204465,0
204795,0
205268,1
205513,1
205811,1
206401,1
206734,0
206756,0
206958,0
207276,0
207825,0
207880,1
208306,1
208415,0
208598,0
208619,1
208879,0
209464,0
209486,0
210053,1
210788,0
210943,0
211355,0
212014,0
212095,0
212431,0
212968,0
213016,0
213329,0
213406,0
213463,0
213522,0
213705,0
213729,0
213871,0
214001,0
214010,0
214061,0
214172,0
214403,0
214491,1
214545,1
214655,1
214720,0
214756,0
214854,0
215187,1
215211,0
215295,0
215345,0
215364,1
215556,0
215564,0
215630,1
215742,1
216025,0
216099,0
216150,1
216208,0
216232,1
216363,0
216413,0
216514,0
216576,0
216592,0
217235,0
217600,0
218136,1
218745,0
219528,1
219679,0
220160,0
220193,1
220423,0
220508,0
220561,0
220641,0
220682,0
220772,0
220923,0
221259,0
221473,0
221528,0
221531,1
221773,0
222090,1
222137,0
222210,0
222217,0
222374,0
222484,0
223004,0
223032,0
223041,0
223155,0
223156,0
223201,1
223554,0
223566,0
224376,1
224444,0
224877,0
224904,0
224954,0
224974,0
225013,1
225384,0
225402,0
225462,0
239498,0
239528,0
239723,0
239733,0
239898,0
239953,0
239981,0
240092,0
240098,0
240213,0
240281,0
240285,0
240341,0
240409,0
240436,0
240833,0
240836,0
241090,0
241222,0
241317,0
241353,0
266800,1
266910,0
267636,1
267697,0
267851,0
268002,0
268066,0
268409,1
268901,1
268917,0
269095,0
269141,0
269258,0
269276,0
269312,0
269329,0
269404,0
269405,0
269459,0
269533,0
269557,0
269562,0
269637,0
269796,0
269815,0
269859,1
269883,0
269892,0
269898,0
269942,0
269970,0
269999,0
270009,0
270013,0
270023,0
270119,0
270129,0
270234,0
270247,1
270256,0
270270,0
270405,0
270511,0
270553,0
270571,0
270599,0
270654,0
270694,0
270893,1
270920,0
270923,0
270975,0
271005,0
271049,1
271082,0
271179,0
271241,0
271378,0
271702,1
271722,0
271819,0
271820,0
271822,0
271842,0
271927,0
271952,0
271980,0
272020,0
272061,0
272070,0
272139,0
272312,0
272352,0
272584,1
272617,0
272802,0
272898,0
273158,0
273246,0
273292,0
273357,0
273472,0
273485,1
273528,0
273538,1
273584,0
273680,0
273681,0
273695,0
273715,0
273811,1
273849,0
273908,0
274198,0
274321,0
274601,1
274710,0
274782,0
274786,1
274918,0
3639,0
3571,1
3744,0
4020,0
3612,0
3779,0
3918,1
3841,0
3507,1
4120,0
3812,0
3719,0
3786,0
3741,0
4202,0
3874,0
4209,1
3975,0
3677,0
3946,0
3941,0
3596,1
3766,1
4207,1
3567,0
4112,0
3907,0
3595,0
4231,0
3751,0
3756,0
3481,0
3694,0
4163,0
3648,0
3628,0
3977,0
3686,0
3658,0
3939,0
3784,0
4006,0
3665,1
3525,0
3783,0
3768,0
4071,0
3795,1
3480,0
4205,0
4100,1
3453,0
3505,0
3707,0
3933,0
4225,0
3627,1
3685,0
4212,1
4001,0
4099,0
4228,0
3473,0
3765,0
3466,0
4096,0
3777,1
4158,0
4165,0
3553,0
4229,0
4217,0
3598,0
3883,0
3654,0
3510,0
3486,0
4235,0
3957,1
3799,0
4036,0
3471,0
3552,0
4215,0
3848,0
3885,0
3823,0
4166,0
3872,0
3999,0
4200,0
3456,0
3463,0
4171,0
3710,0
3952,0
4002,0
4012,0
4032,0
3986,0
4246,1
4084,0
3503,1
3589,0
4261,0
4118,1
3843,1
